-- MySQL dump 10.13  Distrib 9.2.0, for macos15 (arm64)
--
-- Host: localhost    Database: pas
-- ------------------------------------------------------
-- Server version	9.2.0

/*!40101 SET @OLD_CHARACTER_SET_CLIENT=@@CHARACTER_SET_CLIENT */;
/*!40101 SET @OLD_CHARACTER_SET_RESULTS=@@CHARACTER_SET_RESULTS */;
/*!40101 SET @OLD_COLLATION_CONNECTION=@@COLLATION_CONNECTION */;
/*!50503 SET NAMES utf8mb4 */;
/*!40103 SET @OLD_TIME_ZONE=@@TIME_ZONE */;
/*!40103 SET TIME_ZONE='+00:00' */;
/*!40014 SET @OLD_UNIQUE_CHECKS=@@UNIQUE_CHECKS, UNIQUE_CHECKS=0 */;
/*!40014 SET @OLD_FOREIGN_KEY_CHECKS=@@FOREIGN_KEY_CHECKS, FOREIGN_KEY_CHECKS=0 */;
/*!40101 SET @OLD_SQL_MODE=@@SQL_MODE, SQL_MODE='NO_AUTO_VALUE_ON_ZERO' */;
/*!40111 SET @OLD_SQL_NOTES=@@SQL_NOTES, SQL_NOTES=0 */;


--
-- Table structure for table `Course`
--

DROP TABLE IF EXISTS `Course`;
/*!40101 SET @saved_cs_client     = @@character_set_client */;
/*!50503 SET character_set_client = utf8mb4 */;
CREATE TABLE `Course` (
  `id` int NOT NULL AUTO_INCREMENT,
  `dept` varchar(45) NOT NULL,
  `number` varchar(5) NOT NULL,
  `name` varchar(100) NOT NULL,
  PRIMARY KEY (`id`),
  UNIQUE KEY `id_UNIQUE` (`id`),
  KEY `course_idx` (`dept`,`number`)
) ENGINE=InnoDB AUTO_INCREMENT=3 DEFAULT CHARSET=utf8mb4 COLLATE=utf8mb4_0900_ai_ci;
/*!40101 SET character_set_client = @saved_cs_client */;

--
-- Dumping data for table `Course`
--

LOCK TABLES `Course` WRITE;
/*!40000 ALTER TABLE `Course` DISABLE KEYS */;
INSERT INTO `Course` VALUES (1,'CSCI','211','Data Structures & Algorithms II'),(2,'INFO','230','Introduction to Web Design');
/*!40000 ALTER TABLE `Course` ENABLE KEYS */;
UNLOCK TABLES;

--
-- Table structure for table `Enrolled`
--

DROP TABLE IF EXISTS `Enrolled`;
/*!40101 SET @saved_cs_client     = @@character_set_client */;
/*!50503 SET character_set_client = utf8mb4 */;
CREATE TABLE `Enrolled` (
  `id` int NOT NULL AUTO_INCREMENT,
  `student_id` int NOT NULL,
  `section_id` int NOT NULL,
  PRIMARY KEY (`id`),
  KEY `section_student_idx` (`student_id`,`section_id`),
  KEY `section_FK_idx` (`section_id`),
  CONSTRAINT `section_FK` FOREIGN KEY (`section_id`) REFERENCES `Section` (`id`),
  CONSTRAINT `student_FK` FOREIGN KEY (`student_id`) REFERENCES `Student` (`id`)
) ENGINE=InnoDB AUTO_INCREMENT=25 DEFAULT CHARSET=utf8mb4 COLLATE=utf8mb4_0900_ai_ci;
/*!40101 SET character_set_client = @saved_cs_client */;

--
-- Dumping data for table `Enrolled`
--

LOCK TABLES `Enrolled` WRITE;
/*!40000 ALTER TABLE `Enrolled` DISABLE KEYS */;
INSERT INTO `Enrolled` VALUES (5,1,1),(6,2,1),(7,3,1),(8,4,1),(9,5,1),(10,6,1),(11,7,1),(12,8,1),(13,9,1),(14,10,1),(15,11,1),(16,12,1),(17,13,1),(18,14,1),(19,15,1),(20,16,1),(21,17,1),(22,18,1),(23,19,1),(24,20,1);
/*!40000 ALTER TABLE `Enrolled` ENABLE KEYS */;
UNLOCK TABLES;

--
-- Table structure for table `Group`
--

DROP TABLE IF EXISTS `Group`;
/*!40101 SET @saved_cs_client     = @@character_set_client */;
/*!50503 SET character_set_client = utf8mb4 */;
CREATE TABLE `Group` (
  `id` int NOT NULL AUTO_INCREMENT,
  `name` varchar(100) NOT NULL,
  `section_id` int NOT NULL,
  PRIMARY KEY (`id`),
  UNIQUE KEY `id_UNIQUE` (`id`),
  KEY `section_FK_idx` (`section_id`),
  KEY `section_FK2_idx` (`section_id`)
) ENGINE=InnoDB AUTO_INCREMENT=5 DEFAULT CHARSET=utf8mb4 COLLATE=utf8mb4_0900_ai_ci;
/*!40101 SET character_set_client = @saved_cs_client */;

--
-- Dumping data for table `Group`
--

LOCK TABLES `Group` WRITE;
/*!40000 ALTER TABLE `Group` DISABLE KEYS */;
INSERT INTO `Group` VALUES (1,'Titan 1',1),(2,'Titan 2',1),(3,'Titan 3',1),(4,'Titan 4',1);
/*!40000 ALTER TABLE `Group` ENABLE KEYS */;
UNLOCK TABLES;

--
-- Table structure for table `Member`
--

DROP TABLE IF EXISTS `Member`;
/*!40101 SET @saved_cs_client     = @@character_set_client */;
/*!50503 SET character_set_client = utf8mb4 */;
CREATE TABLE `Member` (
  `id` int NOT NULL AUTO_INCREMENT,
  `group_id` int NOT NULL,
  `student_id` int NOT NULL,
  PRIMARY KEY (`id`),
  UNIQUE KEY `id_UNIQUE` (`id`),
  KEY `student_idx` (`student_id`),
  KEY `group_idx` (`group_id`),
  KEY `strudent_group_idx` (`group_id`,`student_id`),
  CONSTRAINT `group_FK2` FOREIGN KEY (`group_id`) REFERENCES `Group` (`id`),
  CONSTRAINT `student_FK3` FOREIGN KEY (`student_id`) REFERENCES `Student` (`id`)
) ENGINE=InnoDB AUTO_INCREMENT=21 DEFAULT CHARSET=utf8mb4 COLLATE=utf8mb4_0900_ai_ci;
/*!40101 SET character_set_client = @saved_cs_client */;

--
-- Dumping data for table `Member`
--

LOCK TABLES `Member` WRITE;
/*!40000 ALTER TABLE `Member` DISABLE KEYS */;
INSERT INTO `Member` VALUES (1,1,1),(2,1,2),(3,1,3),(4,1,4),(5,1,5),(6,2,6),(7,2,7),(8,2,8),(9,2,9),(10,2,10),(11,3,11),(12,3,12),(13,3,13),(14,3,14),(15,3,15),(16,4,16),(17,4,17),(18,4,18),(19,4,19),(20,4,20);
/*!40000 ALTER TABLE `Member` ENABLE KEYS */;
UNLOCK TABLES;

--
-- Table structure for table `Rubric`
--

DROP TABLE IF EXISTS `Rubric`;
/*!40101 SET @saved_cs_client     = @@character_set_client */;
/*!50503 SET character_set_client = utf8mb4 */;
CREATE TABLE `Rubric` (
  `id` int NOT NULL AUTO_INCREMENT,
  `name` varchar(50) NOT NULL,
  `version` int NOT NULL DEFAULT '1',
  PRIMARY KEY (`id`),
  UNIQUE KEY `id_UNIQUE` (`id`),
  KEY `name_idx` (`name`)
) ENGINE=InnoDB AUTO_INCREMENT=2 DEFAULT CHARSET=utf8mb4 COLLATE=utf8mb4_0900_ai_ci;
/*!40101 SET character_set_client = @saved_cs_client */;

--
-- Dumping data for table `Rubric`
--

LOCK TABLES `Rubric` WRITE;
/*!40000 ALTER TABLE `Rubric` DISABLE KEYS */;
INSERT INTO `Rubric` VALUES (1,'Peer Assessment',1);
/*!40000 ALTER TABLE `Rubric` ENABLE KEYS */;
UNLOCK TABLES;

--
-- Table structure for table `Scale`
--

DROP TABLE IF EXISTS `Scale`;
/*!40101 SET @saved_cs_client     = @@character_set_client */;
/*!50503 SET character_set_client = utf8mb4 */;
CREATE TABLE `Scale` (
  `id` int NOT NULL AUTO_INCREMENT,
  `description` varchar(255) DEFAULT NULL,
  `value` int NOT NULL,
  `category_id` int NOT NULL,
  PRIMARY KEY (`id`),
  UNIQUE KEY `id_UNIQUE` (`id`),
  KEY `category_FK_idx` (`category_id`),
  CONSTRAINT `category_FK` FOREIGN KEY (`category_id`) REFERENCES `Category` (`id`) ON DELETE CASCADE ON UPDATE CASCADE
) ENGINE=InnoDB AUTO_INCREMENT=47 DEFAULT CHARSET=utf8mb4 COLLATE=utf8mb4_0900_ai_ci;
/*!40101 SET character_set_client = @saved_cs_client */;

--
-- Dumping data for table `Scale`
--

LOCK TABLES `Scale` WRITE;
/*!40000 ALTER TABLE `Scale` DISABLE KEYS */;
INSERT INTO `Scale` VALUES (1,'Produces unacceptable work, fails to meet minimum group or project requirements.',0,1),(2,'Occasionally produces work that meets minimum group or project requirements.',1,1),(3,'Meets minimum group or project requirements.',2,1),(4,'Regularly produces work that meets minimum requirements and sometimes exceeds project or group requirements.',3,1),(5,'Produces work that consistently exceeds established group or project requirements.',4,1),(6,'Fails to meet deadlines set by group.',0,2),(7,'Occasionally misses deadlines set by group.',1,2),(8,'Regularly meets deadlines set by group.',2,2),(9,'Consistently meets deadlines set by group and occasionally completes work ahead of schedule.',3,2),(10,'Consistently completes work ahead of schedule.',4,2),(11,'Gives no task support to other members.',0,3),(12,'Sometimes gives task support to other members.',1,3),(13,'Occasionally provides task support to other group members.',2,3),(14,'Consistently provides task support to other group members.',3,3),(15,'Consistently gives more task support than expected.',4,3),(16,'Behavior is detrimental to group.',0,4),(17,'Behavior is inconsistent and occasionally distracts group meetings.',1,4),(18,'Regularly projects appropriate team behavior including: listening to others, and allowing his/her ideas to be criticized.',2,4),(19,'Consistently demonstrates appropriate team behavior.',3,4),(20,'Consistently demonstrates exemplary team behavior.',4,4),(21,'Failed to attend the group meetings.',0,5),(22,'Attended 1%-32% of the group meetings.',1,5),(23,'Attended 33%-65% of the group meetings.',2,5),(24,'Attended 66%-99% of the group meetings.',3,5),(25,'Attended 100% of the group meetings.',4,5),(26,'Is unwilling to carry out assigned tasks.',0,6),(28,'Sometimes carries out assigned tasks but never volunteers to do a task.',1,6),(29,'Carries out assigned tasks but never volunteers to do a task.',2,6),(30,'Consistently carries out assigned tasks and occasionally volunteers for other tasks.',3,6),(31,'Consistently carries out assigned tasks and always volunteers for other tasks.',4,6),(32,'Fails to participate in group discussions and fails to share relevant material.',0,7),(33,'Sometimes participates in group discussions and rarely contributes relevant material for the project.',1,7),(34,'Takes part in group discussions and shares relevant information.',2,7),(35,'Regularly participates in group discussion and sometimes exceeds expectations.',3,7),(36,'Consistently exceeds group expectations for participation and consistently contributes relevant material to project.',4,7),(37,'Does not display leadership skills.',0,8),(38,'Displays minimal leadership skills in team.',1,8),(39,'Occasionally assumes leadership role.',2,8),(40,'Regularly displays good leadership skills.',3,8),(41,'Consistently demonstrates exemplary leadership skills.',4,8),(42,'Performance significantly fails to meet group requirements.',0,9),(43,'Performance fails to meet some group requirements.',1,9),(44,'Performance meets all group requirements.',2,9),(45,'Performance meets all group requirements consistently and sometimes exceeds requirements.',3,9),(46,'Performance consistently exceeds all group requirements.',4,9);
/*!40000 ALTER TABLE `Scale` ENABLE KEYS */;
UNLOCK TABLES;

--
-- Table structure for table `Section`
--

DROP TABLE IF EXISTS `Section`;
/*!40101 SET @saved_cs_client     = @@character_set_client */;
/*!50503 SET character_set_client = utf8mb4 */;
CREATE TABLE `Section` (
  `id` int NOT NULL AUTO_INCREMENT,
  `course` int NOT NULL,
  `section` varchar(5) NOT NULL,
  `term` varchar(45) NOT NULL,
  PRIMARY KEY (`id`),
  UNIQUE KEY `id_UNIQUE` (`id`),
  KEY `section_idx` (`course`,`section`),
  KEY `term_idx` (`term`),
  CONSTRAINT `course_FK` FOREIGN KEY (`id`) REFERENCES `Course` (`id`)
) ENGINE=InnoDB AUTO_INCREMENT=3 DEFAULT CHARSET=utf8mb4 COLLATE=utf8mb4_0900_ai_ci;
/*!40101 SET character_set_client = @saved_cs_client */;

--
-- Dumping data for table `Section`
--

LOCK TABLES `Section` WRITE;
/*!40000 ALTER TABLE `Section` DISABLE KEYS */;
INSERT INTO `Section` VALUES (1,1,'01','202503'),(2,2,'01','202503');
/*!40000 ALTER TABLE `Section` ENABLE KEYS */;
UNLOCK TABLES;

--
-- Table structure for table `Student`
--

DROP TABLE IF EXISTS `Student`;
/*!40101 SET @saved_cs_client     = @@character_set_client */;
/*!50503 SET character_set_client = utf8mb4 */;
CREATE TABLE `Student` (
  `id` int NOT NULL AUTO_INCREMENT,
  `email` varchar(100) NOT NULL,
  `first_name` varchar(50) NOT NULL,
  `last_name` varchar(50) NOT NULL,
  PRIMARY KEY (`id`),
  UNIQUE KEY `email_UNIQUE` (`email`),
  UNIQUE KEY `id_UNIQUE` (`id`)
) ENGINE=InnoDB AUTO_INCREMENT=21 DEFAULT CHARSET=utf8mb4 COLLATE=utf8mb4_0900_ai_ci;
/*!40101 SET character_set_client = @saved_cs_client */;

--
-- Dumping data for table `Student`
--

LOCK TABLES `Student` WRITE;
/*!40000 ALTER TABLE `Student` DISABLE KEYS */;
INSERT INTO `Student` VALUES (1,'ayang@students.desu.edu','Alena','Yang'),(2,'rstephenson@students.desu.edu','Ross','Stephenson'),(3,'snash@students.desu.edu','Susan','Nash'),(4,'pphelps@students.desu.edu','Phoenix','Phelps'),(5,'dgonzalez@students.desu.edu','Deanna','Gonzalez'),(6,'hstokes@students.desu.edu','Hazel','Stokes'),(7,'rwilkerson@students.desu.edu','Randall','Wilkerson'),(8,'narcher@students.desu.edu','Noelle','Archer'),(9,'lwood@students.desu.edu','Lia','Wood'),(10,'hchan@students.desu.edu','Henry','Chan'),(11,'jellison@students.desu.edu','Joaquin','Ellison'),(12,'icopeland@students.desu.edu','Isabell','Copeland'),(13,'dflores@students.desu.edu','Dax','Flores'),(14,'sholloway@students.desu.edu','Susan','Holloway'),(15,'rhaley@students.desu.edu','Reuben','Haley'),(16,'hclarke@students.desu.edu','Harrison','Clarke'),(17,'lestes@students.desu.edu','Leroy','Estes'),(18,'bmarsh@students.desu.edu','Bella','Marsh'),(19,'emccullough@students.desu.edu','Elijah','Mccullough'),(20,'smccarty@students.desu.edu','Seth','Mccarty');
/*!40000 ALTER TABLE `Student` ENABLE KEYS */;
UNLOCK TABLES;
/*!40103 SET TIME_ZONE=@OLD_TIME_ZONE */;

/*!40101 SET SQL_MODE=@OLD_SQL_MODE */;
/*!40014 SET FOREIGN_KEY_CHECKS=@OLD_FOREIGN_KEY_CHECKS */;
/*!40014 SET UNIQUE_CHECKS=@OLD_UNIQUE_CHECKS */;
/*!40101 SET CHARACTER_SET_CLIENT=@OLD_CHARACTER_SET_CLIENT */;
/*!40101 SET CHARACTER_SET_RESULTS=@OLD_CHARACTER_SET_RESULTS */;
/*!40101 SET COLLATION_CONNECTION=@OLD_COLLATION_CONNECTION */;
/*!40111 SET SQL_NOTES=@OLD_SQL_NOTES */;


--
-- Table structure for table `Assessed`
--

DROP TABLE IF EXISTS `Assessed`;
/*!40101 SET @saved_cs_client     = @@character_set_client */;
/*!50503 SET character_set_client = utf8mb4 */;
CREATE TABLE `Assessed` (
  `id` int NOT NULL AUTO_INCREMENT,
  `assessed_student_id` int NOT NULL,
  `assessment_id` int NOT NULL,
  `assessor_student_id` int NOT NULL,
  `scale_id` int NOT NULL,
  PRIMARY KEY (`id`),
  KEY `student_FK2_idx` (`assessed_student_id`),
  KEY `assessment_FK2_idx` (`assessment_id`),
  KEY `assessor_student_FK_idx` (`assessor_student_id`),
  KEY `scale_FK_idx` (`scale_id`),
  CONSTRAINT `assessed_student_FK` FOREIGN KEY (`assessed_student_id`) REFERENCES `Student` (`id`) ON DELETE CASCADE ON UPDATE CASCADE,
  CONSTRAINT `assessment_FK2` FOREIGN KEY (`assessment_id`) REFERENCES `Assessment` (`id`) ON DELETE CASCADE ON UPDATE CASCADE,
  CONSTRAINT `assessor_student_FK` FOREIGN KEY (`assessor_student_id`) REFERENCES `Student` (`id`),
  CONSTRAINT `scale_FK` FOREIGN KEY (`scale_id`) REFERENCES `Scale` (`id`)
) ENGINE=InnoDB AUTO_INCREMENT=63 DEFAULT CHARSET=utf8mb4 COLLATE=utf8mb4_0900_ai_ci;
/*!40101 SET character_set_client = @saved_cs_client */;

--
-- Dumping data for table `Assessed`
--

LOCK TABLES `Assessed` WRITE;
/*!40000 ALTER TABLE `Assessed` DISABLE KEYS */;
/*!40000 ALTER TABLE `Assessed` ENABLE KEYS */;
UNLOCK TABLES;


--
-- Table structure for table `Assessment`
--

DROP TABLE IF EXISTS `Assessment`;
/*!40101 SET @saved_cs_client     = @@character_set_client */;
/*!50503 SET character_set_client = utf8mb4 */;
CREATE TABLE `Assessment` (
  `id` int NOT NULL AUTO_INCREMENT,
  `name` varchar(100) NOT NULL,
  `deploy_date` datetime NOT NULL,
  `end_date` datetime NOT NULL,
  `creation_date` datetime NOT NULL DEFAULT CURRENT_TIMESTAMP,
  `rubric_id` int NOT NULL,
  PRIMARY KEY (`id`),
  UNIQUE KEY `id_UNIQUE` (`id`),
  KEY `date_idx` (`deploy_date`),
  KEY `name_idx` (`name`),
  KEY `deploy_date_idx` (`deploy_date`),
  KEY `rubric_FK2_idx` (`rubric_id`),
  CONSTRAINT `rubric_FK2` FOREIGN KEY (`rubric_id`) REFERENCES `Rubric` (`id`)
) ENGINE=InnoDB AUTO_INCREMENT=2 DEFAULT CHARSET=utf8mb4 COLLATE=utf8mb4_0900_ai_ci;
/*!40101 SET character_set_client = @saved_cs_client */;

--
-- Dumping data for table `Assessment`
--

LOCK TABLES `Assessment` WRITE;
/*!40000 ALTER TABLE `Assessment` DISABLE KEYS */;
INSERT INTO `Assessment` VALUES (1,'Peer Assessment 1','2025-03-23 08:00:00','2025-03-23 17:00:00','2025-03-21 16:34:23',1);
/*!40000 ALTER TABLE `Assessment` ENABLE KEYS */;
UNLOCK TABLES;

--
-- Table structure for table `Category`
--

DROP TABLE IF EXISTS `Category`;
/*!40101 SET @saved_cs_client     = @@character_set_client */;
/*!50503 SET character_set_client = utf8mb4 */;
CREATE TABLE `Category` (
  `id` int NOT NULL AUTO_INCREMENT,
  `title` varchar(45) NOT NULL,
  `description` varchar(255) DEFAULT NULL,
  `rubric_id` int NOT NULL,
  `weight` varchar(45) NOT NULL,
  PRIMARY KEY (`id`),
  UNIQUE KEY `id_UNIQUE` (`id`),
  KEY `title_idx` (`title`),
  KEY `rubric_idx` (`rubric_id`),
  CONSTRAINT `rubric_FK` FOREIGN KEY (`rubric_id`) REFERENCES `Rubric` (`id`)
) ENGINE=InnoDB AUTO_INCREMENT=10 DEFAULT CHARSET=utf8mb4 COLLATE=utf8mb4_0900_ai_ci;
/*!40101 SET character_set_client = @saved_cs_client */;

--
-- Dumping data for table `Category`
--

LOCK TABLES `Category` WRITE;
/*!40000 ALTER TABLE `Category` DISABLE KEYS */;
INSERT INTO `Category` VALUES (1,'Quality of Work','Consider the degree to which the student team member provides work that is accurate and complete.',1,'1'),(2,'Timeliness of Work','Consider the student team member\'s timeliness of work.',1,'1'),(3,'Task Support','Consider the amount of task support the student team member gives to other team members.',1,'1'),(4,'Interaction','Consider how the student team member relates and communicates to other team members.',1,'1'),(5,'Attendance','Consider the student team member\'s attendance at the group meetings.  (This includes in class meetings.)',1,'1'),(6,'Responsibility','Consider the ability of the student team member to carry out a chosen or assigned task, the degree to which the student can be relied upon to complete a task.',1,'1'),(7,'Involvement','Consider the extent to which the student team member participates in the exchange of information (does outside research, brings outside knowledge to group).',1,'1'),(8,'Leadership','Consider how the team member engages in leadership activities.',1,'1'),(9,'Overall Performance Rating','Consider the overall performance of the student team member while in the group.',1,'1');
/*!40000 ALTER TABLE `Category` ENABLE KEYS */;
UNLOCK TABLES;

-- Dump completed on 2025-04-07 19:19:53
